Recency,Frequency,Monetary,Is_Churn
225,1,77183.6,1
29,124,2790.86,0
148,28,1487.24,0
210,17,334.40000000000003,1
162,38,1561.81,0
104,4,89.0,1
132,58,1079.4,1
114,13,459.40000000000003,1
145,57,2753.08,0
50,12,484.86,0
89,143,3495.73,0
12,75,1618.28,0
187,10,189.9,1
20,105,1747.3500000000001,0
9,23,552.0,1
12,34,623.92,0
191,22,641.38,1
174,139,2806.41,0
112,39,914.9200000000001,0
211,14,364.6,1
215,77,1628.1200000000001,1
29,219,4008.62,1
70,20,459.84,0
85,36,607.5500000000001,0
19,62,1268.74,0
84,99,1850.56,1
21,14,292.69,0
237,10,401.9,1
48,70,1668.3400000000001,0
145,39,1061.1000000000001,0
117,21,381.08,0
12,96,1899.57,0
35,70,1214.81,0
19,59,1108.65,1
203,5,84.3,1
223,11,225.60000000000002,1
48,54,1710.39,1
83,49,1621.25,0
34,64,1407.36,0
75,65,1491.77,0
82,64,6207.08,0
208,26,693.33,1
37,45,890.74,0
136,28,563.9,0
117,18,562.4100000000001,1
13,591,99146.16,0
6,148,2816.52,0
12,34,668.58,1
14,36,628.5600000000001,0
68,31,655.86,0
0,108,1650.67,0
62,30,1760.96,1
94,30,582.73,1
271,10,303.5,0
20,279,7548.12,0
72,70,2844.88,0
19,185,4874.57,0
70,76,4016.66,0
266,147,3787.12,0
160,16,286.25,0
167,19,3978.9900000000002,0
77,88,2476.73,0
40,49,890.0699999999999,0
266,11,173.55,1
21,105,2627.27,0
143,26,476.49,1
29,87,1636.88,0
56,8,197.88,1
118,195,5307.82,0
34,43,707.09,1
27,71,2176.36,0
31,86,2265.4,0
133,25,1067.25,0
184,19,441.92,0
54,34,626.88,0
203,40,762.11,0
75,61,985.7900000000001,0
6,21,780.55,0
69,26,440.94,0
87,38,729.54,1
7,263,11116.4,0
38,249,4927.6,0
14,65,1186.25,0
37,221,3896.38,0
41,117,3191.67,0
0,199,8834.03,0
43,114,2144.95,0
79,157,4101.76,0
83,39,1314.6100000000001,0
0,282,3663.15,0
236,15,334.93,1
0,123,2516.77,0
5,9,126.39000000000001,0
65,22,433.74,1
61,51,868.86,0
6,32,1773.84,0
236,149,2169.39,1
27,108,2631.52,0
132,23,73.5,1
34,21,1304.81,1
184,7,176.5,1
42,33,982.5699999999999,1
12,35,612.29,1
167,51,1017.6800000000001,1
253,16,383.7,1
80,13,583.2,0
26,184,1538.7,0
10,18,324.83,0
42,121,2045.85,0
42,38,599.68,1
7,63,1017.75,0
62,116,3122.48,0
194,15,284.92,0
14,65,1287.37,0
23,46,1221.65,0
30,63,1089.18,1
86,18,371.45,0
162,230,4517.69,0
7,298,8786.87,0
73,28,536.14,0
159,34,628.15,0
97,8,207.8,1
66,5,95.19999999999999,1
257,10,168.0,1
10,135,2419.59,0
51,67,312.9,0
58,29,9000.960000000001,0
210,21,561.71,1
12,77,1436.31,0
202,16,238.85,1
26,78,1605.23,0
161,21,456.90000000000003,1
188,9,145.92000000000002,1
8,315,6958.16,0
7,79,1883.02,0
21,14,248.35,0
127,28,160.54000000000002,1
215,11,218.45000000000002,1
49,46,660.85,0
259,67,195.89,0
230,70,1608.66,0
146,24,415.7,1
138,22,511.36,1
6,146,4232.21,0
27,34,782.59,0
134,87,2040.1,1
44,10,131.5,0
111,68,9864.26,1
217,26,452.84999999999997,1
113,9,231.8,0
8,21,418.1,1
21,93,2529.9,0
142,15,269.95,0
83,78,1428.81,0
61,63,1584.38,0
26,48,857.04,0
12,49,1936.56,0
89,28,577.0600000000001,1
161,10,178.5,0
86,43,800.73,0
6,72,1256.25,0
97,74,1462.52,0
177,20,315.6,1
68,31,634.74,0
197,11,255.60000000000002,0
16,39,2087.46,0
104,33,561.66,0
0,346,10195.04,0
132,11,180.1,1
176,18,305.1,1
6,38,641.13,1
111,86,2683.82,1
12,206,4774.0,0
8,104,1908.57,0
29,86,1948.75,0
54,40,683.64,0
57,179,3054.1,0
138,22,486.1,1
15,10,185.9,1
7,24,366.45,0
28,24,3344.64,1
29,31,477.90999999999997,1
9,59,1310.8600000000001,0
26,92,2886.71,0
54,21,318.05,1
7,31,623.51,1
234,9,114.0,1
231,48,919.98,1
48,43,2209.85,1
97,22,337.75,0
16,69,2820.67,0
7,157,2653.66,0
43,18,1957.48,0
224,3,63.0,1
159,123,2924.4700000000003,0
50,101,2744.0299999999997,1
99,35,1026.39,0
229,10,225.9,1
226,23,220.9,0
70,37,976.8,0
23,30,998.05,0
0,93,8282.26,0
105,44,906.38,0
13,20,311.78,0
51,474,9866.58,0
0,355,8219.92,0
5,247,6217.88,0
70,58,1379.48,0
271,7,89.14,1
13,171,4873.81,1
27,34,511.03000000000003,0
105,16,389.01,1
45,21,556.3,0
27,39,855.91,1
83,20,439.5,0
7,19,333.9,0
31,29,733.91,0
56,122,2149.05,0
142,21,337.08000000000004,0
5,50,1100.92,0
58,206,4162.52,0
191,33,603.42,1
1,119,2031.77,0
35,121,6469.11,0
61,48,790.36,0
6,114,3913.08,0
6,191,3389.7,0
6,21,353.86,1
33,45,677.9,0
51,55,1030.98,1
24,216,3314.5,0
83,102,1698.91,0
14,50,929.65,0
73,18,280.36,0
271,24,427.8,1
84,67,1467.32,0
87,109,2800.4,0
157,33,617.31,0
13,26,453.01,1
44,179,11324.25,0
79,12,236.26000000000002,1
134,22,383.95,1
252,4,110.39999999999999,1
215,43,779.5699999999999,1
232,4,234.0,1
272,11,155.35,1
34,134,546.43,1
44,188,14211.970000000001,0
9,70,2769.4,0
1,1977,13568.55,0
30,128,2755.23,0
28,15,275.88,1
35,166,16620.91,0
135,63,3010.74,1
180,4,3811.9500000000003,1
42,122,5281.08,0
16,97,2791.59,1
71,66,1082.52,0
38,18,494.08,1
216,45,1693.88,1
49,227,4952.1900000000005,0
138,32,1143.6,1
110,12,1351.45,1
89,52,1164.68,0
83,31,492.06,0
89,104,2999.41,0
184,15,549.26,0
49,89,2078.67,0
264,14,311.95,1
92,8,158.1,0
92,21,324.92,1
273,2,192.60000000000002,1
156,25,400.54,1
234,24,545.48,1
265,13,254.03,1
70,6,1607.04,0
86,25,427.58,1
84,16,281.35,0
77,25,489.31,1
160,31,514.85,1
1,2,125.92,1
47,47,1063.46,1
76,15,318.65000000000003,0
181,4,166.04000000000002,1
161,14,1542.08,1
226,11,170.46,0
114,6,92.72,1
27,4,1224.0,0
78,56,818.62,0
12,21,338.2,0
236,11,293.0,1
34,27,5204.0,0
162,9,215.05,1
45,24,417.38,1
182,18,312.38,1
37,125,2112.53,0
73,12,134.1,1
273,59,390.79,0
13,157,2683.81,0
43,113,2726.77,1
6,297,2851.44,0
208,14,310.73,0
59,102,1692.31,0
30,28,174.88,0
167,27,354.09000000000003,1
168,36,704.5,0
194,17,311.55,1
34,78,1957.1000000000001,1
141,76,810.37,0
272,3,38.1,1
110,46,1106.4,1
38,3,147.12,1
23,58,981.38,0
183,26,559.12,1
65,343,2352.45,0
85,107,1607.0600000000002,1
107,4,132.0,0
226,66,599.97,1
182,4,374.0,1
43,2,343.2300000000001,1
96,34,726.43,0
24,73,1059.23,0
136,47,854.99,1
175,7,298.0,1
23,39,645.35,0
119,47,775.0,0
114,5,354.12,1
85,3,331.0,1
104,4,216.5,1
8,90,11639.470000000001,0
164,10,138.68,1
72,32,244.69,0
76,2,750.0,1
101,65,1528.37,0
34,36,1486.9,0
182,15,866.39,0
48,22,363.65,1
38,107,3006.15,1
28,2,594.0,1
16,16,441.65,0
30,424,8924.55,0
61,28,405.38,1
98,15,655.27,0
47,54,1136.14,0
211,8,117.85,1
71,14,221.56,0
1,60,32530.7,0
71,49,357.49,0
9,92,1535.34,0
97,28,428.23,0
38,31,7990.08,0
31,75,683.9,1
254,14,286.95,0
188,23,462.95,1
43,97,1603.99,1
5,85,1423.96,0
14,179,3449.42,0
73,45,751.78,0
43,64,1346.92,0
206,19,108.07,1
86,108,1715.29,0
13,11,170.54,0
265,16,365.8,0
258,19,1660.9,1
12,5,135.95,1
222,8,23.8,0
7,206,7854.76,0
97,8,144.8,1
111,22,738.6,1
56,9,39.239999999999995,1
57,20,7374.900000000001,1
33,11,187.18,0
142,28,390.54,1
97,14,304.3,0
192,92,535.32,1
57,26,4469.14,0
85,7,263.9,0
12,22,303.56,0
20,24,372.4,0
20,41,645.47,0
136,33,608.47,0
96,28,455.88,1
6,31,534.85,1
58,301,8615.42,0
218,7,120.95,1
5,6,149.05,1
14,270,3785.09,0
73,26,513.7,1
223,14,229.47,1
272,3,50.550000000000004,1
48,51,1012.3100000000001,0
7,162,3382.79,0
13,63,2022.48,0
97,88,1763.04,0
23,28,425.25,0
22,309,4788.85,0
66,58,1152.47,0
29,20,336.4,0
120,6,243.72000000000003,0
13,26,6912.0,1
38,7,773.1999999999999,0
268,60,427.74,0
257,11,190.55,1
269,11,165.86,0
160,12,333.0,0
38,48,881.07,1
83,22,591.76,0
173,13,516.42,1
191,33,560.47,1
166,14,197.72,0
27,140,2682.01,0
13,106,1375.05,0
218,7,153.78000000000003,0
6,326,4509.74,0
112,18,348.15000000000003,1
113,22,344.86,0
51,3,47.550000000000004,0
149,8,183.4,1
153,15,307.53000000000003,1
91,11,346.98,1
52,36,659.25,0
273,14,205.86,1
219,1,165.0,0
19,330,3397.94,0
92,9,228.8,1
166,7,177.15,1
29,22,919.61,1
190,63,577.44,0
6,254,6917.150000000001,0
40,1,23.8,0
79,6,58.08,1
43,752,18870.12,0
26,73,3613.63,1
57,22,416.08,1
0,1314,39010.65,0
36,76,4912.02,0
111,21,439.75,0
175,159,7832.47,1
29,20,1545.72,0
22,324,4643.71,0
13,361,14468.08,0
134,8,101.19,1
33,250,4961.7,0
33,4,376.44,0
33,1,76.5,1
75,36,935.22,0
272,10,350.06,1
57,24,369.85,0
37,104,1042.24,0
13,176,10787.06,0
84,55,878.55,0
38,30,501.14,1
21,66,841.77,0
108,48,799.7,0
138,1,30.6,1
169,50,283.73,1
140,54,903.6700000000001,0
152,150,2574.12,0
153,66,1077.42,0
87,14,324.90000000000003,0
161,3,77.3,1
173,7,109.8,1
83,46,885.74,0
96,1,3096.0,1
42,65,1226.68,0
3,323,1457.75,0
33,33,489.45,0
9,50,1710.94,0
8,46,423.72,1
114,89,1401.03,0
232,3,110.95,1
27,2,413.8,0
33,246,2789.87,0
6,64,1132.6200000000001,0
195,74,1257.8700000000001,1
226,63,569.2,0
41,43,873.2,0
19,56,868.1700000000001,0
6,77,851.59,0
213,8,112.75,1
22,79,1688.29,1
251,13,354.64,0
183,41,417.2,1
30,36,417.55,0
99,112,972.66,0
152,6,505.2,0
199,23,140.35,0
267,23,165.94,0
216,242,2108.27,0
33,205,4391.7300000000005,0
1,72,2394.98,0
30,160,1504.44,0
167,1,71.4,1
28,51,988.34,0
237,37,236.02,1
15,18,127.0,0
105,33,464.32,0
35,3,60.7,1
162,34,512.13,0
20,202,3009.18,0
3,63,4553.84,0
26,14,319.32,0
20,20,309.86,0
50,5,197.52000000000004,0
55,112,835.07,0
28,238,4156.08,0
261,2,110.7,0
28,51,963.88,0
167,5,333.74,1
22,4,533.98,1
27,5,62.64,1
85,17,726.49,0
140,66,847.41,1
100,5,163.2,1
51,42,1212.26,0
43,21,4299.56,0
173,16,108.21000000000001,1
101,9,257.7,1
125,10,160.95,1
38,457,2234.18,0
80,132,878.45,0
236,17,304.24,0
112,58,1031.07,1
6,21,439.23,0
63,16,318.85,0
161,21,329.56,1
73,52,553.61,0
12,13,270.40000000000003,1
103,58,600.07,1
76,115,1860.99,0
24,26,465.68,1
161,2,291.84,0
56,36,1030.4,1
273,6,225.7,0
105,15,224.62,0
168,9,944.1,1
163,11,200.29,1
8,1160,4870.68,0
83,62,1465.66,0
12,117,2535.58,0
10,132,2800.94,0
69,300,2150.25,0
9,209,2981.45,0
266,1,590.0,1
13,16,138.98,1
16,4,125.9,0
22,85,814.86,1
62,22,773.1,0
85,2,25.5,0
230,13,201.19,1
61,137,1970.1,0
55,42,361.11,1
184,14,249.57,0
89,54,873.74,1
259,10,201.20000000000002,1
37,5,87.4,1
168,5,142.5,1
69,20,371.89,1
3,81,618.09,1
55,1,63.75,1
251,21,300.42,1
15,42,1085.75,0
20,1,15.0,1
103,26,814.95,0
106,47,546.64,0
106,52,817.65,0
50,24,490.11,0
41,47,918.34,0
31,49,3779.98,0
98,68,1313.98,0
13,331,6897.070000000001,0
6,70,981.15,0
103,39,3798.99,0
12,87,2738.75,0
216,17,1308.48,1
266,7,304.2,0
85,27,728.22,0
90,215,2731.84,0
57,19,487.02,1
100,54,860.12,1
5,112,9229.54,0
160,42,775.85,1
77,19,353.43,1
177,68,1656.15,0
187,20,389.5,1
22,32,674.7,1
157,90,609.95,1
168,29,439.03000000000003,1
145,93,1581.53,0
117,39,700.6,0
156,29,623.4,1
265,14,308.28000000000003,1
271,39,754.87,1
58,106,2055.58,0
103,39,770.0,0
36,13,136.29,0
13,116,2461.33,0
180,15,222.99,1
28,74,1755.84,0
229,35,534.57,1
31,35,677.1,1
132,18,257.89,0
103,1,59.8,1
15,95,1543.45,0
85,21,307.72,1
219,15,387.27000000000004,0
10,29,1228.19,0
92,26,457.34000000000003,1
27,39,621.23,1
112,9,217.81,0
104,25,557.45,0
6,310,17408.08,0
87,15,545.04,0
7,18,213.55,1
33,24,1390.5,1
105,10,236.0,0
24,221,4342.13,0
49,8,159.85,1
190,64,825.04,0
8,78,1624.21,1
82,83,1558.68,0
20,23,464.86,0
10,37,1088.12,0
29,112,2024.25,0
155,54,283.71,1
118,71,1423.26,0
24,43,1421.46,0
26,373,2463.39,0
159,2,590.0,1
65,17,356.98,1
266,30,692.94,0
55,23,855.0600000000001,0
35,278,7355.4400000000005,0
38,17,884.2,0
152,9,151.5,1
84,17,307.90000000000003,1
7,227,4255.53,0
15,7,115.5,0
232,12,241.26,0
136,64,229.59,1
91,86,1431.78,1
78,58,1238.47,1
38,49,899.55,0
100,15,300.95,1
8,82,1361.33,0
132,11,184.64000000000001,1
141,8,313.8,1
133,23,454.24,1
28,52,819.61,0
113,24,408.8,0
20,306,6596.38,0
5,14,449.52,1
47,78,1088.45,0
36,50,1269.84,1
175,8,618.63,1
211,18,316.26000000000005,1
132,28,1072.43,0
259,26,501.01,0
182,19,348.05,1
125,21,463.79,0
22,20,326.40000000000003,0
188,52,1340.32,1
174,9,189.16000000000003,0
66,123,2583.12,0
216,26,458.52,1
7,108,1636.47,0
143,12,110.97,1
49,29,665.02,0
83,38,585.32,0
160,15,251.21,1
26,10,205.1,1
17,35,523.96,0
138,7,146.0,0
6,108,1612.18,0
37,72,2947.98,0
99,102,2369.24,0
1,18,408.86,0
148,2,282.88,0
5,130,1366.42,0
104,7,181.1,0
105,22,483.8,1
82,76,270.79,1
7,234,4371.53,0
20,18,891.75,0
140,21,315.65,0
140,49,122.91,0
100,27,188.16,0
143,61,281.01,0
42,43,762.0500000000001,0
219,4,91.80000000000001,1
23,76,2762.91,0
101,55,1590.05,0
180,16,240.68,0
115,14,141.85999999999999,1
41,53,1209.73,0
40,39,310.88,0
44,83,1749.02,1
234,13,110.17999999999999,0
73,44,192.85,1
267,24,118.32,0
143,27,239.49,1
27,132,801.15,0
105,33,1384.25,1
153,3,31.770000000000003,0
33,13,218.75,0
13,65,4517.21,0
48,46,822.1,0
269,9,164.7,0
209,10,118.0,1
55,53,781.03,1
206,24,142.4,1
20,81,1075.62,0
79,9,147.0,0
50,51,1116.38,0
104,38,776.23,0
105,13,205.51,0
8,128,2037.0800000000002,1
56,86,2313.84,0
212,19,219.52,1
111,42,373.2,0
143,40,250.42,0
10,169,776.21,0
70,32,636.72,0
64,90,794.98,0
218,23,417.69,1
13,28,365.7,0
73,13,177.34,1
16,19,213.85,1
110,64,551.92,0
152,19,257.23,1
76,64,1027.0,0
36,45,4897.36,0
5,61,1361.46,0
43,10,3017.92,0
73,85,814.6,0
6,93,783.77,0
22,41,646.55,0
87,93,684.85,0
115,66,354.8,1
85,6,87.9,0
5,48,851.09,0
20,5,252.1,1
75,33,803.86,0
156,23,346.6,1
107,36,745.5200000000001,0
156,38,638.24,0
45,109,1714.27,0
14,56,932.97,1
64,49,379.65,1
101,9,152.34,0
104,32,933.3,0
105,104,1573.2,1
112,35,532.94,0
79,13,189.47,1
187,8,64.05,0
49,87,305.02,1
13,332,4934.87,0
49,3,48.150000000000006,0
201,6,186.39000000000001,1
51,25,486.82000000000005,1
51,16,232.6,1
237,70,2391.59,0
55,13,203.46,0
87,3,59.5,1
185,30,67.23,1
82,8,72.0,1
113,32,871.58,0
7,445,45911.64,0
19,50,1385.53,0
55,14,308.58000000000004,1
76,116,1245.8,0
218,1,99.5,1
44,21,522.68,0
202,20,330.79,1
167,48,806.41,1
171,51,296.88,1
1,169,2939.21,0
118,13,252.06,1
146,10,228.84,1
181,105,1079.34,1
169,21,138.28,1
28,71,955.99,0
146,12,306.55,1
105,20,338.74,0
16,43,799.9,1
31,85,2375.41,1
117,6,199.85000000000002,1
69,95,1865.7,0
0,23,292.68,0
7,50,797.02,0
35,43,752.6,1
119,38,610.59,1
75,102,1409.69,0
160,76,357.53,0
100,30,339.6,1
140,23,350.75,1
83,20,363.13,0
62,264,2648.7200000000003,0
7,30,912.12,0
192,53,893.16,0
62,25,300.04,1
273,1,79.6,1
132,13,580.85,0
40,19,1316.63,0
188,9,296.25,1
24,76,1186.28,1
187,35,741.26,1
51,12,282.6,1
29,77,2558.34,0
101,95,2351.52,0
156,28,135.09,0
79,32,491.71,0
118,7,306.72,1
44,138,945.63,0
8,281,9676.37,0
22,85,1730.24,0
99,70,1464.8500000000001,0
139,36,228.42,0
29,119,12360.24,0
3,9,178.7,1
70,9,116.28000000000002,0
150,17,127.84,1
24,62,487.93,0
13,26,1968.6299999999999,0
267,7,230.4,1
264,7,106.4,0
27,11,1516.0,1
187,4,74.60000000000001,0
7,250,28066.24,0
16,39,688.86,1
209,33,558.32,1
38,60,4599.42,1
155,17,277.07,1
41,77,1355.11,0
29,6,500.24,0
267,7,112.6,1
205,12,155.05,1
83,13,814.5,1
5,20,278.74,0
34,17,385.14,0
37,31,617.54,0
72,136,2977.75,0
251,9,128.7,0
201,36,1140.35,1
44,59,385.64,1
35,36,1429.84,0
76,10,189.5,1
33,61,300.76,0
38,64,1455.3899999999999,0
59,29,384.8,1
55,34,537.34,0
111,19,271.24,1
17,119,479.59,0
152,1,85.0,1
55,132,2165.27,0
142,43,663.9300000000001,0
197,4,935.0,0
70,38,593.58,0
29,93,1595.48,1
28,69,1353.28,0
6,84,6145.16,0
68,14,388.5,1
226,28,201.16,1
8,110,1781.3,0
147,20,305.78,1
36,23,383.34000000000003,0
118,8,138.85,0
23,307,3104.9500000000003,1
1,88,2179.4700000000003,0
12,213,4074.2400000000002,0
19,23,389.6,1
258,18,540.45,1
33,81,1424.8,0
45,88,1680.76,0
7,101,6969.14,0
118,94,1742.78,0
177,10,196.25,0
89,28,506.8,1
104,19,349.55,1
19,40,605.63,1
7,30,501.11,0
146,3,54.519999999999996,0
197,21,821.1,1
210,10,160.85,0
43,45,937.3000000000001,0
225,12,155.93,1
174,15,298.5,0
83,43,740.95,1
7,134,2652.28,0
194,17,201.12,0
26,76,1461.61,0
44,144,2437.63,0
91,5,65.38,0
153,8,198.20000000000002,0
21,16,213.15,0
251,7,172.25,1
21,33,496.05,0
6,13,225.45000000000002,0
69,9,842.65,1
36,10,210.0,0
180,20,378.21000000000004,0
194,16,307.4,1
9,23,608.79,1
163,31,922.1,1
79,26,376.58,1
69,9,158.85,1
8,34,390.21,0
16,27,391.06,0
71,28,2831.26,0
101,9,485.96999999999997,0
260,3,102.0,1
146,7,179.31,0
76,39,674.45,1
117,137,3251.071,1
15,12,2604.36,0
54,33,322.96,1
38,112,680.27,0
181,34,337.44,0
145,7,117.6,0
208,35,664.54,1
45,2,80.7,1
7,352,3911.35,0
6,108,1985.9,0
101,9,145.9,0
187,11,264.7,1
28,214,1497.71,0
106,10,357.98,1
63,73,1230.14,0
87,76,1681.06,0
26,12,819.33,0
7,156,2773.04,0
62,112,1923.5,0
139,23,896.67,0
113,16,311.3,1
43,7,126.35,0
0,93,2247.41,0
5,21,419.56,0
15,54,871.9,0
15,139,2561.94,0
111,15,635.66,1
132,24,1309.14,0
34,47,529.73,1
8,107,2962.26,0
33,38,696.56,0
15,30,962.19,1
98,42,695.61,1
177,11,328.8,1
10,34,473.02,1
61,161,4341.21,1
38,25,384.29,0
55,22,631.9,1
125,28,440.0,1
150,16,273.14,0
21,16,327.7,1
44,6,165.20000000000002,0
21,164,1657.5,0
26,174,9627.03,0
68,96,1845.3700000000001,0
57,25,473.90999999999997,0
7,26,837.26,0
184,38,626.65,1
76,28,147.20000000000002,1
44,65,1086.42,0
17,170,2485.91,0
166,21,141.41,1
3,185,542.11,0
9,6,1659.75,1
184,14,154.99,1
99,18,635.92,0
205,85,409.93,1
58,276,3285.39,0
6,37,485.98,0
13,124,8687.44,0
24,4,260.25,1
6,10,725.6400000000001,1
7,745,5382.51,0
0,238,4811.98,0
166,8,183.6,1
8,139,4102.78,0
12,89,7801.79,0
13,58,1097.68,0
166,7,152.55,1
220,24,265.85,1
160,29,356.81,0
161,18,307.92,0
29,46,122.47,1
82,34,310.4,0
1,65,1049.37,1
24,12,375.1,1
202,153,934.52,1
264,29,182.25,1
26,102,548.92,0
41,346,3248.19,0
28,295,25507.89,0
224,1,76.32000000000001,1
31,139,2437.8,0
1,6,21.84,0
20,200,2309.92,0
37,26,194.9,1
42,30,4944.39,0
54,21,216.21,1
139,74,1266.23,1
76,90,1836.84,0
1,16,291.33,0
19,102,3259.62,0
6,3,247.2,0
30,110,1900.82,0
254,2,433.5,0
173,15,386.53,1
21,17,319.97,0
43,3,90.0,1
22,44,709.71,1
155,22,305.54,0
160,16,358.90000000000003,0
219,67,483.86,1
13,87,1552.46,0
29,28,605.64,1
5,106,3190.32,0
5,16,285.16,0
273,22,311.81,1
33,7,115.8,1
56,8,2851.2,0
154,65,1903.73,0
185,2,182.8,0
133,3,157.2,1
120,28,446.62,1
259,12,306.18,0
134,29,314.51,0
139,52,1345.62,1
166,6,118.75,1
14,1046,85001.9,0
185,39,277.17,0
44,580,2184.21,0
115,108,1110.52,1
73,25,289.36,1
52,42,1659.39,0
175,25,122.53999999999999,1
65,41,402.1,0
119,11,114.04,0
71,59,1205.99,0
197,31,576.9000000000001,1
79,20,118.08,0
43,86,312.89,0
6,214,4110.12,0
231,3,197.65,1
9,43,1383.46,0
13,164,2906.96,0
8,113,2258.26,0
169,23,422.54,0
6,317,5666.45,0
101,7,1012.0,1
6,6,335.52,1
45,21,356.95,0
118,2,185.39999999999998,1
49,24,521.24,0
164,14,222.9,0
139,20,328.15999999999997,1
21,81,1876.33,0
5,102,1905.8400000000001,1
107,48,909.89,0
56,59,899.16,0
86,62,1098.27,0
55,56,1085.0,0
147,21,632.4000000000001,1
13,137,2617.01,0
77,41,683.17,1
57,39,656.59,0
10,118,1050.1200000000001,1
110,42,1709.4,0
96,134,2399.52,0
191,26,762.13,0
83,50,925.71,1
15,91,1573.33,0
111,20,959.1,0
57,72,2802.86,0
272,3,189.3,0
273,9,161.0,1
226,8,146.85,1
30,73,1415.54,0
125,10,226.85000000000002,0
83,10,213.70000000000002,1
134,16,280.55,1
40,112,1990.78,0
119,108,1693.45,1
10,75,1474.06,1
178,20,136.77,1
218,8,302.58,1
160,53,969.0600000000001,1
23,100,2725.84,0
51,87,9386.32,0
41,5,120.0,1
7,51,855.0,0
54,17,333.97,1
9,31,530.18,1
62,55,1516.24,1
231,29,492.65000000000003,1
125,10,112.32000000000001,1
154,8,132.09,0
36,23,450.05,0
80,43,720.4,0
112,75,1637.43,0
96,8,134.04,1
9,94,2495.44,0
76,1,5.9,0
142,141,2050.08,0
98,4,83.28,0
113,16,426.6,1
34,42,832.78,0
261,23,777.5600000000001,0
20,139,2355.54,0
45,62,2590.21,0
47,40,739.41,0
174,11,232.6,0
23,1112,35591.84,0
7,76,2437.14,0
17,13,640.14,1
122,17,383.45,1
13,63,1048.45,0
34,144,2307.89,0
68,68,1310.02,0
142,20,310.26,1
86,49,854.59,0
6,8,120.0,1
29,68,1550.15,0
106,31,477.79,1
16,78,900.65,0
14,36,605.0600000000001,1
142,8,183.85,1
63,12,311.65000000000003,1
8,193,3485.03,0
24,28,462.66,1
47,2,119.04,0
22,128,2013.51,0
98,59,1114.39,0
61,31,588.22,1
142,14,309.52000000000004,1
118,6,134.7,1
30,66,1139.52,0
37,11,419.74,0
27,71,889.9300000000001,1
20,60,1021.58,1
160,18,409.57,1
174,18,282.93,1
64,1,51.0,1
57,47,1078.96,1
115,6,90.6,1
265,11,174.4,1
8,69,3717.35,1
37,337,5448.45,0
219,8,155.0,1
195,4,100.5,1
258,4,76.55,1
85,75,257.68,1
91,11,617.05,1
195,17,110.98,0
63,15,242.09,0
196,7,142.4,1
9,40,440.76,0
21,109,1835.11,0
90,19,311.14,0
44,143,1592.66,0
118,5,67.95,1
77,186,1966.22,0
271,34,110.35000000000001,0
9,35,856.0,0
49,25,574.7,1
7,121,2766.2999999999997,0
30,20,1475.81,1
8,90,1347.52,0
19,8,156.75,1
7,73,2157.73,1
30,95,1996.51,0
22,46,1943.73,0
41,148,979.98,0
210,14,1063.0,1
262,23,122.7,1
9,73,1137.08,0
23,316,3339.33,0
8,19,150.44,0
152,58,307.56,0
111,15,455.18,0
70,61,1032.15,0
118,3,265.2,1
40,174,2885.58,0
139,28,330.62,0
202,17,470.36,1
265,5,63.0,1
206,9,131.9,1
219,32,2661.24,1
216,31,1185.71,0
155,13,356.84000000000003,0
104,63,1589.82,1
38,65,991.52,0
146,83,303.04,0
96,39,601.03,0
264,18,102.35000000000001,0
146,107,401.3,0
80,40,483.25,1
94,52,360.0,0
90,22,119.93,1
31,241,636.65,0
210,4,113.64,1
55,37,1837.92,1
10,16,434.34,1
48,180,2103.06,1
20,189,1534.1,0
70,4,309.42,0
146,130,1058.6200000000001,1
15,48,1580.45,0
212,15,131.7,0
187,35,297.64,0
3,281,1936.84,1
182,1,85.0,0
86,28,622.1700000000001,0
157,19,215.7,1
84,3,523.0,0
153,18,316.25,1
64,30,636.51,1
139,15,238.1,0
181,9,137.1,1
268,13,125.10000000000001,0
107,30,463.38,1
75,17,340.93,1
55,29,611.22,0
21,2,40.6,0
211,19,538.8100000000001,1
209,29,475.37,1
16,119,1281.79,0
33,88,370.96000000000004,0
12,6,335.85,0
83,10,251.21,1
49,285,1176.01,0
78,40,597.07,0
143,96,542.71,0
9,524,4255.64,0
62,104,831.66,0
1,81,924.6899999999999,0
33,6,138.16,0
87,23,275.28,1
0,12,455.59000000000003,1
101,39,403.11,0
91,30,765.65,0
41,14,252.45,0
190,1,165.0,0
98,7,278.63,0
8,12,241.09,1
78,142,1052.72,0
0,199,2926.14,0
7,619,5136.4,0
10,50,135.24,0
28,144,2021.27,0
136,64,932.85,1
12,24,734.98,0
19,376,2904.05,0
27,192,1653.91,0
159,19,171.8,1
156,3,106.5,0
209,11,195.9,0
68,108,1315.65,0
85,5,103.25,1
8,63,3265.1,0
261,57,1121.92,0
101,142,874.88,0
50,4,652.8,1
211,56,289.24,1
104,7,125.43,0
51,58,165.07,1
118,39,312.32,0
202,16,197.94,0
9,44,1414.0,0
62,36,566.99,0
27,171,1985.3500000000001,0
13,109,2560.32,0
10,4,1432.0,1
30,13,800.76,0
180,29,218.06,1
10,214,2089.44,0
79,235,1653.42,1
272,1,35.400000000000006,1
63,90,646.64,0
44,230,787.64,0
69,100,1042.26,1
176,19,237.35999999999999,1
84,363,1473.53,0
271,3,39.75,1
113,45,250.22,0
98,64,339.59,0
273,31,255.0,0
213,5,163.8,0
91,3,165.1,0
205,25,393.33000000000004,1
174,2,660.0,1
3,1959,9329.38,0
161,3,495.0,0
262,1,204.0,0
43,3,486.36,0
142,3,406.08000000000004,1
237,5,211.8,0
145,20,394.44,1
105,26,412.78000000000003,1
56,47,1002.9100000000001,0
84,21,320.58000000000004,1
16,106,608.71,0
96,53,899.63,1
22,69,1571.29,0
142,12,331.58000000000004,0
135,25,630.08,0
162,8,114.56,1
166,20,344.90000000000003,1
168,16,300.19,0
20,115,1989.23,0
27,74,1501.06,0
70,31,693.8100000000001,1
198,8,187.50000000000003,0
56,30,597.09,1
5,1323,176355.94,0
101,30,243.22,1
112,49,584.22,0
111,60,416.32,0
238,29,344.81,0
122,14,810.56,0
69,80,291.05,1
55,93,638.94,0
17,14,123.14,0
45,157,1641.55,0
0,14,128.95,0
134,92,524.86,0
196,41,731.66,0
13,388,5488.22,0
141,170,1269.99,1
180,132,411.53,1
134,61,765.5500000000001,1
267,15,373.49,0
47,28,1690.92,0
21,223,24196.4,0
111,5,393.95,0
87,2,52.0,1
115,189,519.26,0
6,15,628.38,1
29,244,3852.54,0
108,13,112.80000000000001,1
51,29,216.71,0
112,17,439.6,0
37,68,591.55,1
164,8,172.9,1
19,90,1458.54,0
118,22,188.61,1
114,8,109.13000000000001,1
89,77,1557.6,0
72,238,1958.28,0
16,179,1687.7,0
42,68,221.16,0
98,1,179.0,1
54,14,701.1800000000001,0
12,138,3364.44,0
9,225,2064.42,0
12,7,115.72,0
27,243,1821.8799999999999,0
198,22,247.45000000000002,0
48,23,188.56,0
79,77,488.12,0
26,9,155.8,0
47,29,187.92,1
258,90,471.0,0
174,10,268.58,1
273,71,313.49,1
7,187,904.21,0
105,30,251.01999999999998,0
43,94,1618.3,0
10,190,9044.2,0
10,119,3496.31,0
28,15,1081.75,0
33,33,757.6500000000001,0
119,24,1307.6200000000001,0
97,89,1448.21,1
13,36,864.96,0
197,17,928.03,0
12,69,1220.26,1
149,18,328.2,1
23,75,1118.77,0
195,15,228.27,0
12,149,2867.68,0
44,71,1484.06,1
12,52,870.85,0
197,5,89.2,1
234,7,97.5,0
163,21,300.52,1
12,8,95.5,0
68,93,1531.32,0
27,4,133.20000000000002,0
8,667,6487.94,0
132,52,876.4200000000001,1
12,9,139.26,1
37,40,701.46,0
5,84,1862.22,0
27,35,730.86,1
180,41,386.15,1
219,6,200.10000000000002,1
223,4,114.68,0
19,28,364.04,0
103,40,679.54,0
66,6,131.45000000000002,1
7,840,5757.42,0
44,8,97.4,0
9,326,3840.44,0
62,44,845.5500000000001,1
213,19,109.25,0
44,188,1846.31,0
3,229,1869.33,0
269,30,155.43,1
97,4,271.85,1
100,63,1110.34,1
69,25,409.63,0
92,3,84.72,0
73,8,139.77,0
266,2,48.800000000000004,1
80,70,321.43,1
27,83,1339.3700000000001,0
96,17,2139.76,1
84,34,531.63,0
20,21,429.3,0
5,90,1345.56,0
167,4,62.85,1
79,106,2375.57,0
91,78,1688.48,0
23,87,2257.6800000000003,0
48,13,309.40000000000003,1
19,259,5025.25,0
211,21,325.75,1
156,14,206.13,0
40,79,1634.21,0
111,3,214.5,0
33,110,2301.63,0
19,20,645.65,1
48,29,522.52,0
104,11,296.86,0
48,21,304.1,0
272,3,37.2,0
5,27,1163.9,0
85,36,710.28,1
20,72,1297.07,0
3,50,391.31,0
161,13,327.25,1
78,62,354.75,0
110,28,519.68,1
7,47,1465.32,1
73,81,1083.02,0
85,26,363.27,0
63,25,358.48,0
31,15,765.3199999999999,1
152,18,364.8,1
107,20,369.2,1
236,10,135.9,1
153,7,125.65,1
48,33,554.38,1
10,287,6081.71,0
104,43,468.77000000000004,1
196,10,175.5,0
34,71,1011.3,0
1,60,822.12,0
24,294,2411.82,0
57,17,616.15,1
47,92,1931.82,0
5,2754,74437.05,0
146,14,482.79,0
83,62,917.15,0
177,8,142.28,0
49,42,701.28,0
15,45,1610.15,1
112,57,977.77,1
101,53,903.01,0
145,10,310.05,1
8,128,2372.86,1
106,10,586.0,0
265,17,363.53,1
182,39,828.84,0
197,10,1784.71,1
8,219,5072.88,0
30,13,759.56,0
44,96,2507.73,0
30,10,178.5,0
9,35,556.87,0
106,87,3534.61,0
153,12,58.49,1
47,42,499.68,1
9,51,537.32,0
71,2,88.3,0
54,176,3906.98,0
170,5,126.7,1
83,38,294.2,0
147,13,206.21,1
37,17,1119.75,0
28,18,114.77,1
7,32,1314.45,1
1,54,559.96,0
135,178,1537.28,0
146,8,102.12,1
80,17,110.17999999999999,0
98,87,296.75,1
265,2,163.2,0
111,40,334.54,1
180,37,119.31,0
78,9,155.28,0
70,75,429.87,1
15,115,1641.76,1
47,158,1246.32,1
8,780,4327.08,0
59,12,156.91,1
273,54,191.06,0
76,3,117.72999999999999,0
72,20,170.04,1
152,17,291.34000000000003,0
166,70,266.0,1
56,287,1119.08,0
16,427,5110.32,0
13,79,845.62,0
140,26,230.78,0
68,31,966.97,0
268,14,185.97,0
168,3,152.76,0
10,43,261.79,0
156,52,4959.1,1
9,281,1629.1,0
132,185,2664.83,0
77,59,245.69,0
87,110,517.45,0
14,1245,17631.71,0
70,67,180.35,1
99,5,135.93,1
36,280,5202.28,0
51,12,735.66,1
27,158,3863.33,0
169,22,343.62,1
16,81,324.53,0
173,3,121.17000000000002,1
50,34,377.74,0
219,30,215.78,1
56,40,478.6,0
175,25,1489.5,1
24,173,1245.66,0
7,183,1008.6,0
27,298,36575.0,0
117,45,814.04,0
113,5,370.79999999999995,1
64,138,2858.75,0
182,35,848.05,0
156,39,239.95999999999998,0
79,70,1109.53,1
272,1,106.2,1
175,12,588.6700000000001,0
85,44,861.96,0
5,42,748.87,1
72,49,880.85,1
5,315,6702.59,0
112,47,895.61,1
108,17,248.05,0
156,5,88.2,1
181,15,306.94,1
8,102,1677.23,0
208,23,381.32,1
115,26,457.81,1
16,96,4027.1,0
3,47,1370.6000000000001,1
82,3,39916.5,1
233,3,876.0,1
259,4,102.28,0
96,69,1027.44,1
34,19,532.98,0
41,72,1032.83,0
211,16,319.5,1
41,60,1300.25,1
145,28,484.95,1
26,19,376.55,0
272,16,288.5,0
16,96,1354.01,0
34,23,790.97,0
20,35,675.73,0
34,1,244.8,1
145,14,266.4,1
33,21,358.82,1
188,18,295.15,0
14,82,1633.78,1
106,53,1069.47,0
91,9,90.75,0
13,120,10795.48,0
26,81,1170.24,0
6,74,2796.73,0
69,22,330.11,1
5,48,842.23,0
27,29,982.42,1
27,36,614.86,0
139,9,139.05,1
139,13,178.96,1
15,57,1728.11,0
125,14,259.45,1
13,94,2968.94,0
127,41,724.03,0
64,91,1327.16,1
140,28,623.5,1
33,23,520.8000000000001,1
9,235,3569.62,0
13,132,2383.21,0
54,89,1505.37,0
12,353,8969.97,0
257,4,158.16,1
92,10,155.0,0
108,56,368.18,0
273,27,487.75,1
220,41,163.0,1
231,5,1289.5,1
35,61,886.74,0
222,11,135.75,1
160,3,40.5,1
133,46,1455.1200000000001,0
267,6,87.5,1
75,10,435.0,0
54,29,622.85,1
90,20,235.23000000000002,0
68,10,229.26000000000002,0
29,29,1552.04,0
6,154,11128.54,0
19,51,1044.32,1
26,212,4469.53,0
152,15,773.25,0
24,5,107.64,0
135,6,657.15,0
26,52,933.26,0
5,105,1328.32,0
257,9,316.58,1
27,24,476.29999999999995,0
45,3,53.10000000000001,0
63,16,323.52,0
125,20,331.18,1
265,23,383.07,0
141,5,101.8,1
218,24,328.35,1
83,46,651.63,0
16,131,3865.35,0
76,9,305.75,1
15,88,1284.05,0
266,5,403.25,1
218,5,585.0,1
125,20,755.75,1
258,14,322.08,1
134,23,409.40000000000003,1
210,8,154.41,1
115,43,876.82,0
29,89,2224.03,0
139,23,429.6,1
13,31,612.06,1
176,14,197.0,1
117,143,2247.51,1
198,15,321.05,1
103,76,1093.65,0
84,14,300.14,0
91,42,1045.38,0
27,91,1344.86,0
148,15,297.94,0
34,89,2515.84,1
138,33,514.15,1
22,6,356.0,1
7,278,5357.03,0
6,77,7452.12,0
83,14,300.55,0
69,12,173.85,0
27,18,300.36,1
48,6,98.45,1
183,7,317.15,1
68,34,623.16,1
0,77,1810.77,1
35,19,254.82,1
223,10,178.95000000000002,1
6,12,156.51,1
51,82,1506.1200000000001,1
238,6,119.3,1
55,7,1407.76,0
17,35,1850.29,0
16,134,1372.34,0
254,19,290.51,1
72,16,113.12,1
36,130,2191.78,0
55,79,2006.36,0
37,48,697.98,0
3,117,3392.59,0
72,83,3306.27,0
101,25,180.94,1
9,142,2599.4900000000002,0
42,91,2767.2,0
64,5,3035.01,0
13,170,3747.8,0
190,31,574.02,1
64,18,491.90000000000003,0
48,17,344.62,0
174,19,310.47,1
12,1701,45131.27,0
3,38,794.8000000000001,0
10,1,52.0,1
99,24,327.97,1
16,16,233.54,0
226,1,165.0,1
183,16,204.5,1
191,38,1159.47,0
3,49,162.29,1
233,29,311.71,1
34,42,754.0,0
266,35,1661.06,1
108,16,1028.56,1
56,99,351.67,1
218,41,257.9,0
29,24,406.09000000000003,1
232,17,252.42000000000002,1
266,5,201.60000000000002,1
58,72,473.81,1
273,5,115.65,1
269,51,274.67,0
154,63,777.02,1
5,437,2279.64,0
20,372,5639.81,0
261,7,418.92,1
272,16,326.0,1
154,3,331.8,0
215,12,208.61,0
258,8,105.54,0
145,65,1416.18,0
41,68,1513.46,0
37,27,2007.4,1
15,100,1686.9,0
28,3,168.0,1
17,102,989.02,0
69,194,3703.29,1
41,17,582.56,0
113,8,596.85,1
84,130,2127.12,0
69,41,642.41,1
86,31,394.14,1
170,10,140.54,1
72,1,500.0,1
260,19,338.98,0
181,8,124.10000000000001,0
104,54,1436.44,0
225,7,107.45,1
12,14,288.18,1
189,6,94.0,1
13,11,611.2,0
48,42,626.77,1
89,8,349.1,1
201,43,252.29,0
83,62,740.73,0
164,34,267.18,1
29,92,2702.67,0
24,22,382.21000000000004,0
71,10,190.53,1
142,5,36.2,0
213,48,572.8100000000001,1
55,151,3144.33,0
115,41,739.36,0
223,6,97.7,1
154,17,383.34,1
157,120,662.98,0
113,41,533.3,1
7,32,587.28,0
134,130,489.05,0
162,45,200.16,1
31,25,156.57999999999998,1
36,32,237.66,0
148,2,594.0,1
9,74,684.8,0
164,5,113.5,1
230,9,155.17000000000002,1
212,28,494.64,1
85,40,647.7,0
164,43,247.25,0
31,109,485.01,0
262,25,179.1,1
183,60,447.22,1
162,58,237.07,1
254,58,216.76,1
43,7,169.8,0
238,157,1048.85,1
38,75,5992.129999999999,0
45,39,402.56,0
20,16,304.3,0
13,76,371.56,1
16,45,905.5,1
65,22,2103.5,0
61,88,233.81,1
236,43,1278.63,0
111,23,348.26,0
0,149,2800.9300000000003,0
49,195,1318.75,0
21,88,1127.38,0
219,10,970.6,0
20,378,9126.37,0
23,172,5955.53,0
262,70,147.09,1
13,40,2091.14,0
38,53,209.35,0
71,46,492.36,1
89,92,1000.27,1
230,1,250.0,1
55,7,121.0,1
6,212,8928.87,0
125,108,2561.94,0
133,27,267.03,1
24,190,1624.76,0
48,149,2116.98,0
273,57,313.93,0
44,82,1330.79,0
154,26,229.33,1
42,386,2399.08,0
49,94,1168.73,0
31,203,1225.79,0
73,75,536.4,1
63,24,110.92,1
14,29,85.13000000000001,1
188,28,127.86,1
19,200,2772.37,0
271,31,135.32999999999998,0
10,361,2770.71,0
57,104,1631.68,0
6,49,433.28,0
117,17,90.12,1
177,14,217.2,1
3,504,2819.94,0
49,16,449.66999999999996,0
251,1,134.55,1
100,62,735.62,0
3,31,1375.71,1
41,245,2826.68,0
9,132,1555.29,0
77,168,702.25,1
51,39,258.88,1
62,13,127.1,1
213,26,199.6,0
20,149,3679.9700000000003,1
0,36,541.51,0
62,36,154.65,0
76,31,455.3,1
42,5,456.84,0
155,29,478.53,1
134,15,267.91,0
0,77,1406.59,1
104,29,448.83,0
22,337,5585.46,0
100,17,542.95,0
152,39,690.1800000000001,0
19,65,2439.38,0
236,13,104.76,1
20,18,285.68,0
84,16,298.48,1
3,24,947.14,0
5,305,7367.85,0
36,12,222.831,0
120,60,875.01,0
97,138,2602.0,0
41,19,301.03000000000003,1
16,34,588.13,1
3,64,1534.26,1
229,20,281.88,0
28,77,1313.55,0
104,21,396.86,0
21,114,2351.84,0
182,8,306.7,0
34,25,425.32,1
21,336,8919.34,0
5,119,1887.2,1
91,33,664.0,1
66,238,813.0,1
57,35,447.64000000000004,1
104,25,657.35,1
236,2,816.0,1
160,16,227.32,0
15,4,48.0,0
143,34,560.6700000000001,1
78,35,563.63,0
90,48,1024.1000000000001,1
35,52,884.34,0
217,5,309.8,1
6,9,138.14,1
68,116,2242.01,1
117,1,76.32000000000001,1
3,30,565.54,0
196,12,173.05,1
26,56,1334.49,0
56,113,2104.39,0
113,60,1379.6599999999999,0
55,16,225.39000000000001,0
183,61,897.8,0
54,22,260.26,0
266,30,478.89,0
83,32,703.22,0
17,10,193.75,1
86,97,1679.45,0
19,9,254.1,1
0,8,111.0,0
152,2,136.8,1
76,40,3305.7799999999997,0
166,22,409.98,1
120,104,1637.9,0
72,86,696.68,1
10,127,857.0,0
164,5,211.5,1
40,117,2293.62,1
101,6,143.1,1
16,29,450.05,0
38,235,2700.4300000000003,0
183,6,133.25,1
9,41,766.3100000000001,0
43,19,356.7,1
45,118,1118.81,1
134,7,150.3,1
26,693,3553.5,0
8,48,1424.8,0
264,41,203.10000000000002,1
101,11,218.25,1
7,263,4609.29,0
112,5,85.0,1
106,29,467.43,0
112,14,294.12,1
182,10,162.3,1
14,26,1339.45,1
47,54,897.9300000000001,0
9,122,3558.41,0
13,34,434.05,0
136,18,302.85,0
34,28,196.88,1
20,45,549.47,0
135,10,44534.3,1
70,133,1109.83,0
15,278,1623.63,0
204,1,79.2,1
146,6,91.8,0
8,66,1144.83,0
52,136,364.84,0
117,16,261.36,0
118,7,253.04000000000002,1
7,178,3276.62,0
15,27,621.83,1
1,86,41863.72,0
145,7,104.9,1
33,18,241.62,1
141,21,1047.1100000000001,1
83,29,475.28000000000003,1
37,11,211.3,0
57,55,1665.8300000000002,0
14,166,3160.84,0
258,25,351.3,1
104,54,1223.24,0
168,3,306.64,0
49,42,610.01,1
9,85,1575.72,0
13,8,2207.4,1
85,37,481.24,0
7,119,699.08,1
9,9,137.22,0
42,1,451.42,1
8,122,2076.91,0
6,197,3568.0,0
57,23,521.88,0
206,208,3734.9700000000003,1
84,27,399.21000000000004,0
70,87,1361.19,0
5,105,1773.8,0
7,41,1801.14,1
107,40,1303.9099999999999,1
40,40,1874.7,0
31,101,1585.47,0
219,17,206.98,1
259,16,440.2,0
272,1,15.0,1
72,20,532.94,1
110,28,720.0,0
14,99,1598.16,0
40,26,325.44,0
24,23,451.11,0
154,54,836.79,1
65,196,1791.82,0
37,35,675.51,0
8,103,14153.5,0
48,20,299.18,0
72,17,241.74,0
118,24,613.26,0
203,8,118.95,1
44,93,2526.76,0
188,9,180.68,0
68,47,118.88,0
86,22,160.71,1
40,97,2393.69,0
36,80,712.24,1
0,427,10098.45,0
189,102,816.22,0
24,79,654.28,0
34,204,1130.0,0
12,100,659.73,0
92,2,9.2,0
77,7,414.26,0
113,16,313.93,0
1,45,230.53,1
13,362,2949.91,0
177,15,149.64,1
77,87,2207.75,0
269,105,343.28,1
212,29,501.39,1
98,23,516.36,1
209,1,15.0,0
56,93,446.87,1
126,62,524.52,1
153,41,263.55,1
49,11,179.17,1
94,24,222.05,1
126,74,1002.99,0
268,4,56.25,1
54,24,110.49,0
127,26,641.64,0
44,70,797.71,0
76,123,529.52,0
73,7,191.94,1
107,135,550.61,0
78,19,264.62,1
91,70,848.53,0
147,12,123.1,1
90,40,334.23,1
268,49,270.72,0
54,60,167.5,1
72,25,336.03000000000003,1
273,11,369.5,1
272,21,127.08,1
94,12,207.15,1
7,77,1885.95,0
139,12,416.86,1
12,18,404.58000000000004,1
7,74,5860.25,0
211,1,35.8,1
33,14,337.44,1
176,6,325.1,1
265,2,181.0,1
6,68,1091.38,0
185,22,375.17,0
59,30,327.8,0
111,39,826.14,0
6,89,2463.65,0
267,16,156.19,0
218,35,173.8,0
85,10,308.7,0
203,11,314.09999999999997,1
8,20,2109.45,0
266,4,307.82000000000005,1
33,124,2547.13,0
65,98,430.94,1
154,20,760.18,0
37,62,2458.2,0
260,81,1148.27,0
0,214,1848.76,0
23,37,1142.42,1
20,86,1206.42,0
187,23,401.37,0
16,112,907.86,0
71,342,2112.06,0
34,58,1793.9,0
82,93,298.08,0
111,8,101.4,1
80,160,733.45,0
104,6,139.15,0
59,66,462.19,0
145,86,407.5,1
19,137,1725.28,0
28,52,1132.12,0
9,65,21587.74,0
52,137,529.9300000000001,0
96,126,817.57,0
80,15,161.9,0
36,107,2952.25,0
160,76,628.28,1
92,65,500.69,0
37,15,776.22,0
7,175,52387.24,0
209,29,331.24,1
147,39,305.63,0
8,720,5878.3,0
96,22,437.70000000000005,1
163,11,188.73000000000002,0
169,39,855.02,1
77,23,393.33,0
48,46,876.1800000000001,0
41,5,2739.8,0
7,27,460.28,0
111,31,676.49,0
19,83,1340.7,1
273,8,256.44,1
73,10,137.9,1
22,62,1124.19,0
45,70,783.9,1
120,8,134.8,1
111,60,1059.54,0
63,134,951.3000000000001,0
33,48,778.14,0
160,23,335.32,1
265,74,372.09,1
24,6,316.38,0
188,23,584.3199999999999,1
197,1,122.4,1
20,55,887.8000000000001,0
183,1,79.2,1
174,5,130.26,0
85,63,992.37,0
0,31,1317.62,1
199,38,436.18,1
136,57,325.04,0
100,23,587.0600000000001,0
54,18,315.06,1
14,51,817.86,1
6,1,17.0,1
119,16,252.1,0
164,12,320.62,1
140,10,185.04999999999998,1
28,54,1712.49,0
37,32,592.1,0
28,31,839.76,0
57,37,1156.4,0
148,13,336.96,1
3,18,1494.1200000000001,0
118,18,611.88,1
162,200,693.93,0
43,16,195.74,1
83,30,161.38,1
70,8,135.75000000000003,1
17,171,931.68,0
111,34,612.78,1
89,30,232.21,1
115,74,287.89,0
12,36,550.26,0
217,11,249.0,1
267,13,289.35,1
1,73,3706.7,0
43,38,694.7,0
15,54,2278.5,0
1,206,10619.27,0
259,16,283.53000000000003,0
162,21,517.55,1
177,8,159.3,0
12,15,306.37,0
271,7,124.14,0
149,37,535.34,1
8,94,1949.3600000000001,0
146,1,175.2,1
23,132,2282.3,0
57,29,734.13,1
33,22,375.0,1
196,1,76.32000000000001,1
42,11,163.68,0
28,80,1408.7,0
168,29,1829.04,1
15,56,1023.54,0
51,69,1445.17,0
181,14,348.2,1
40,279,3063.7,0
152,2,37.4,1
132,6,856.6,1
3,63,2361.2,0
12,102,1560.66,0
30,49,800.35,0
26,23,1009.55,1
69,42,736.89,0
38,8,197.9,1
0,162,10254.18,1
30,17,4844.0,0
5,37,985.8000000000001,0
132,19,335.0,0
3,151,2696.5299999999997,0
13,205,4601.32,0
41,52,755.03,0
162,47,2615.68,0
136,19,314.45,1
64,58,550.57,0
9,19,303.8,0
260,18,365.27,1
47,24,378.3,0
79,27,112.35,0
24,55,409.86,0
189,40,497.59000000000003,0
19,41,2116.9,0
16,70,10904.08,0
183,30,498.15000000000003,0
70,44,1062.75,1
167,37,914.9300000000001,1
135,15,304.25,1
14,72,2635.48,0
175,32,315.37,0
218,137,846.72,1
41,66,865.88,0
49,129,953.64,0
103,8,255.12,1
125,6,314.22,1
112,12,358.2,0
89,35,542.03,1
43,31,725.04,0
229,9,326.5,0
86,36,665.29,0
89,15,347.9,0
14,434,1507.8700000000001,0
65,80,846.59,0
111,91,1522.75,1
21,51,769.7,0
70,16,114.56,1
12,49,1440.77,0
161,24,389.44,1
155,53,1700.4,0
31,196,1797.75,0
166,13,752.4300000000001,1
76,2,46.95,1
27,89,3741.0600000000004,0
13,76,418.38,0
10,194,4062.02,0
15,50,761.12,0
253,54,1141.24,1
26,78,893.03,0
16,25,411.7,1
273,67,357.95,1
96,33,559.87,1
76,6,810.6,1
0,23,566.38,1
76,16,359.08000000000004,0
239,11,168.3,1
20,74,586.35,0
69,8,142.5,1
21,17,302.25,1
107,61,1129.74,0
168,20,301.9,1
86,7,114.30000000000001,0
26,11,233.22,1
15,129,4036.33,0
38,22,361.22,1
113,41,632.27,1
7,3,1600.0,0
6,42,706.57,1
230,14,226.37,1
57,115,2212.81,0
19,69,1341.65,1
117,3,404.40000000000003,1
72,56,1038.46,1
205,8,223.65,0
96,1,207.50000000000003,1
28,118,428.68,1
55,13,416.02000000000004,0
17,116,1224.92,0
99,210,2469.64,0
12,17,48.96,0
30,54,659.27,0
23,35,14369.2,0
57,11,214.8,1
184,20,109.95,1
7,153,549.07,1
101,29,797.65,0
7,13,283.71000000000004,0
58,2,101.10000000000001,1
28,165,775.14,0
190,9,53.5,1
233,22,376.7,0
232,8,153.9,1
3,66,3325.9100000000003,0
97,31,211.77,1
62,12,257.95,0
84,22,462.15000000000003,0
76,51,1246.83,0
37,29,347.55,0
23,36,862.56,0
262,37,170.91,0
96,15,354.45,0
17,180,953.11,0
162,27,156.3,0
167,5,676.2,1
147,23,362.95,1
168,53,309.46,0
163,24,409.1,0
58,39,274.85,0
153,4,61.10000000000001,0
222,4,94.36,1
105,16,670.1700000000001,0
169,45,221.19,1
42,186,1506.63,0
71,60,933.1,0
68,109,967.25,0
54,82,1705.8,1
135,31,178.41,0
31,107,2455.42,0
164,60,299.6,1
212,10,177.5,1
202,5,167.25,1
10,124,1529.6200000000001,0
50,160,1039.27,0
269,21,131.5,0
180,3,50.8,0
126,18,145.91,0
12,51,972.23,1
7,287,28566.72,0
91,5,133.56,1
202,21,302.7,1
176,11,328.37,0
163,9,241.06,1
6,2,284.55,1
113,83,642.81,1
92,41,724.22,0
114,35,272.46,0
191,13,211.0,0
127,102,437.03,0
94,45,240.08,0
105,2,2.9,0
35,36,259.01,1
98,20,188.89000000000001,1
97,40,707.69,1
49,11,311.92,1
104,59,1133.78,0
3,99,1700.77,0
118,9,208.36,1
6,133,2151.5,0
77,33,151.42,1
85,2,68.0,0
104,19,319.37,0
42,95,385.0,0
3,91,1002.1800000000001,0
146,69,276.88,0
15,95,539.13,0
174,13,223.95000000000002,1
64,18,316.11,1
45,105,355.57,0
43,27,459.3,0
31,121,1999.26,0
92,19,139.35,1
73,25,404.3,1
14,22,354.57,0
73,34,782.29,0
196,50,826.53,1
176,33,246.51,0
107,71,1185.04,0
103,87,1550.7,0
61,15,100.97,1
260,19,365.45,1
230,1,165.0,0
6,84,1431.93,1
196,13,363.70000000000005,1
272,13,248.1,1
44,103,582.7,0
50,71,987.61,0
177,17,162.70000000000002,1
184,11,190.7,0
265,5,103.7,0
86,156,1046.57,1
15,153,4768.25,0
17,139,9998.55,0
71,15,290.36,1
90,30,455.25,1
27,45,684.53,0
35,3,4516.8,0
10,55,548.97,1
119,38,1053.61,0
64,3,339.3,1
190,25,787.15,1
24,143,781.52,0
8,251,2298.97,1
30,22,617.17,0
142,17,379.73,1
63,84,5719.82,1
122,21,314.11,0
9,9,151.98000000000002,0
5,160,2556.37,0
37,6,101.15,0
21,268,4362.4,0
258,20,332.18,0
264,3,173.7,1
70,9,463.88,0
94,35,865.6,1
27,78,2134.07,0
76,59,896.79,0
27,57,1009.6,1
190,16,292.63,0
82,9,105.84,1
13,6,313.62,1
273,14,233.45,1
154,14,611.94,0
148,8,463.95,1
132,13,225.15,1
6,15,214.68,0
36,128,2214.33,0
89,21,255.5,0
266,6,120.65,0
185,10,145.05,1
153,18,237.46,0
28,111,2267.58,0
35,154,2710.04,0
119,6,75.66,1
86,10,129.49,1
19,51,870.3000000000001,0
82,26,506.19,1
57,11,210.10000000000002,0
135,5,151.85,1
110,54,1441.29,0
163,14,226.21,1
160,5,95.75999999999999,0
47,22,609.41,0
145,5,129.45000000000002,1
97,21,426.43,0
174,23,333.08,1
13,102,2165.34,0
6,87,1619.8400000000001,0
14,62,1168.26,0
122,9,217.9,1
23,32,530.55,0
6,79,1429.71,0
106,20,471.15000000000003,0
5,12,231.1,1
107,15,307.73,0
145,27,487.51,1
77,62,833.78,1
69,14,214.06,1
9,80,4525.87,0
41,29,601.27,1
31,139,1868.89,0
20,51,6257.0,0
48,136,446.11,0
268,8,123.24,1
89,2,39.12,1
110,5,384.36,0
262,9,135.4,1
184,21,203.35,0
16,17,266.52,0
6,204,3239.9700000000003,0
64,3,1382.88,0
12,90,6303.74,0
113,64,1098.5,0
19,104,1830.34,0
266,3,129.75,1
44,34,1332.68,0
58,15,626.3,0
33,168,33883.5,0
3,401,2065.52,0
101,5,86.5,0
156,3,1276.0,1
171,22,157.56,0
35,10,657.9,1
141,21,112.75,1
126,5,1998.0,1
21,255,4095.9500000000003,0
29,110,4050.42,0
44,139,8194.43,0
14,70,291.53,0
99,50,1984.5900000000001,0
38,307,1843.89,0
40,10,909.87,0
8,242,2017.06,0
15,399,3970.77,0
118,93,1161.53,1
166,2,901.2,1
62,64,1136.16,0
269,45,623.75,1
48,139,1286.43,0
162,37,292.47,1
6,147,3234.5,0
7,42,424.15000000000003,0
202,151,781.02,1
96,102,795.19,0
264,46,272.82,1
66,143,550.0,0
14,413,5016.45,0
134,37,480.94,0
14,33,306.15999999999997,0
139,68,1097.92,0
197,1,3.75,1
76,13,323.0,1
13,167,1885.8600000000001,0
45,57,241.69,0
19,316,5910.93,0
0,321,4421.08,0
117,34,910.2,0
21,47,416.12,0
272,9,207.5,1
272,2,2002.4,1
14,170,1496.83,1
114,13,239.4,1
218,7,106.83000000000001,1
44,13,314.15000000000003,0
98,23,611.8499999999999,1
26,145,522.0600000000001,0
194,1,34.0,1
173,34,1145.6,1
13,172,4234.36,0
3,43,286.49,0
160,40,380.39,1
136,104,656.48,0
175,176,1655.95,0
16,32,542.2,0
22,102,1174.55,0
157,39,177.25,0
174,5,93.18,0
6,233,6394.7300000000005,0
0,60,425.19,1
272,17,311.25,1
38,158,1642.3500000000001,0
23,155,597.48,1
22,150,800.27,0
182,12,110.38,1
8,153,628.5,0
265,66,414.88,1
63,76,1619.73,1
170,19,118.05,0
73,98,460.59000000000003,1
3,103,801.49,1
42,67,1121.59,1
174,19,166.5,0
36,91,470.69,0
92,15,309.54,1
260,15,479.35,1
13,324,1062.18,0
8,268,5206.6900000000005,0
3,28,417.06,1
85,60,1179.43,0
6,117,2102.4,0
127,38,358.38,1
64,13,222.9,0
85,11,318.7,0
12,7,113.5,0
56,11,197.22,1
84,12,199.15,1
159,32,671.2900000000001,0
127,24,413.46,1
28,10,180.85,1
16,2,91.32000000000001,0
57,90,1911.74,0
97,25,588.85,1
9,190,10869.28,0
37,99,1561.06,0
0,63,1264.19,1
34,263,7371.6,0
86,8,124.57,1
233,19,332.41,1
76,7,113.06,0
268,10,375.69000000000005,1
44,52,747.81,1
58,2,70.80000000000001,0
266,9,164.25,0
40,11,207.74,1
65,57,387.68,0
110,106,2037.82,0
5,4,464.68000000000006,0
27,151,3871.47,0
44,59,1138.2,0
52,50,188.98,0
26,117,856.91,0
139,15,215.70000000000002,0
87,38,276.73,1
257,30,190.65,0
94,135,1578.67,1
41,106,437.92,0
83,20,102.97999999999999,0
266,45,145.93,1
199,37,289.78,1
77,103,319.46999999999997,0
49,68,510.18,0
16,44,1706.88,1
8,607,3034.07,0
136,63,853.9300000000001,0
86,42,394.94,0
48,120,711.88,0
34,63,1558.38,0
190,8,113.44,1
27,31,382.39000000000004,0
272,50,198.08,0
176,9,391.52,1
59,55,523.03,0
56,327,2596.45,1
52,390,4398.54,0
271,14,230.25,1
15,6,543.05,1
1,171,2204.25,0
27,28,428.88,0
3,601,2918.8,0
139,20,224.73,0
79,220,2410.75,0
69,186,1868.3600000000001,0
36,197,1449.14,0
111,33,816.73,1
13,160,2705.21,0
135,21,406.48,1
38,19,435.02,1
85,32,893.75,0
24,27,778.41,0
34,86,1277.75,1
9,16,167.61,1
24,40,1245.3799999999999,0
84,25,518.67,1
139,16,416.64,1
152,45,201.53,0
16,14,234.17000000000002,1
87,7,110.55000000000001,1
126,26,201.19,1
70,22,1486.56,0
89,21,319.02,1
7,15,253.31,0
34,32,478.96,0
167,2,251.51999999999998,1
47,19,555.65,0
155,87,1078.96,1
80,61,885.22,0
30,277,3226.13,0
57,78,3578.54,0
70,42,629.45,0
50,7,857.7,0
118,1,179.0,1
99,41,671.15,0
21,26,1041.78,0
188,12,702.0,1
49,4,295.0,1
13,111,2471.09,0
115,30,993.52,0
55,33,575.44,0
85,121,524.5,0
62,184,5431.28,0
225,6,405.0,0
161,158,995.93,0
57,1,31.25,0
273,5,160.97,0
85,4,154.83,1
79,128,655.88,0
10,2,716.0,1
54,13,225.95,0
114,14,608.1,0
187,6,141.79999999999998,0
145,28,433.53000000000003,1
37,15,449.73,1
8,46,750.89,0
21,89,922.8199999999999,0
78,27,324.96999999999997,0
13,22,339.44,1
57,22,642.02,1
105,43,749.4300000000001,0
17,43,925.35,1
17,135,2606.65,0
87,286,2660.59,0
94,43,247.14,1
30,13,498.48,1
37,73,1207.32,0
99,49,819.6600000000001,0
10,369,2250.1,0
166,5,234.24,1
10,79,4658.83,0
213,70,538.37,1
63,38,671.87,0
82,43,461.3,0
10,208,3281.4900000000002,0
55,79,1495.79,0
14,64,312.14,1
34,88,1402.42,0
9,56,453.79,0
153,62,696.07,0
173,14,334.2,0
169,1,76.32000000000001,0
218,24,636.94,0
9,52,1405.78,1
23,187,1566.65,1
82,77,1399.1100000000001,0
127,17,649.05,0
85,111,1994.41,0
26,51,633.07,0
222,14,302.0,1
199,34,543.96,0
43,23,443.94,0
0,127,639.53,0
78,17,230.58,0
161,1,25.5,1
59,90,665.78,1
55,233,6334.06,0
132,53,464.59000000000003,0
65,12,163.29999999999998,1
38,89,603.59,0
82,32,612.82,0
188,9,116.2,1
217,10,157.02,1
133,18,307.46,1
19,7,138.32,1
61,9,345.3,1
85,32,298.89,1
52,260,1004.75,1
234,14,157.09,1
90,14,2478.79,0
6,24,425.0,1
189,21,500.55,0
175,24,380.5,1
22,286,6851.82,0
147,20,465.32,1
139,15,579.0,1
5,35,749.78,1
106,46,973.11,0
94,14,1689.5,1
77,9,143.3,0
76,8,161.46,0
132,39,698.5500000000001,0
71,30,528.45,0
9,191,3001.18,0
31,89,1463.66,0
51,77,1270.42,0
184,10,158.68,1
103,10,127.59,0
83,18,308.68,0
189,16,224.91,1
16,25,961.26,0
117,4,59.9,1
41,56,1132.63,0
101,15,306.13,1
78,80,711.79,1
141,97,564.86,0
273,2,155.52,0
5,9,329.67,0
126,10,203.95,1
64,56,1815.09,0
6,61,384.4,1
107,1,195.0,0
91,145,1175.7,0
76,8,448.56,0
173,29,262.62,1
265,77,521.66,0
75,57,1564.56,1
80,141,1464.89,0
153,4,226.85,1
41,99,1780.01,0
149,68,613.67,0
134,9,113.5,1
114,138,948.58,0
26,312,2172.4,0
210,49,426.79,1
208,21,393.49,1
72,22,473.75,0
107,82,687.58,0
42,32,157.71,0
164,69,3638.41,1
26,345,1938.72,0
82,14,149.89,1
272,10,341.90000000000003,0
79,73,697.73,0
36,341,1959.92,0
212,15,382.5,1
8,40,1135.04,1
13,221,4012.67,0
104,9,171.45000000000002,1
20,69,318.65,1
161,23,162.65,0
262,39,283.28000000000003,1
16,87,353.86,1
199,38,112.46,0
7,16,240.0,1
48,124,603.37,1
127,10,955.3600000000001,0
108,23,63.440000000000005,1
38,127,562.9,1
47,17,113.06,0
27,38,317.62,1
7,6,763.64,1
99,79,1409.44,0
127,69,1065.3500000000001,1
141,15,246.04000000000002,1
30,94,1703.41,1
20,265,1494.1399999999999,0
43,73,702.41,0
107,26,663.7,0
80,34,167.36,0
208,1,550.8000000000001,1
19,51,867.03,0
1,30,498.42,1
0,25,268.19,0
22,54,661.61,0
261,53,250.04,1
28,43,6123.32,0
216,24,556.46,0
38,14,644.3,1
48,65,1506.92,0
0,372,4369.04,0
0,73,1200.6200000000001,1
24,123,537.25,0
231,17,702.23,0
180,6,96.8,1
215,16,243.36,0
23,1,175.2,1
202,11,307.02000000000004,1
51,543,2027.8700000000001,1
14,569,5207.02,0
265,4,60.0,0
20,261,7593.650000000001,0
56,183,781.36,1
255,17,193.64,1
96,22,128.33,0
3,264,1266.21,0
197,36,160.15,0
79,9,110.75,1
69,19,427.3,0
29,8,1740.0,1
211,19,178.22,1
203,59,365.85,1
84,60,330.95,0
86,17,263.92,0
139,35,312.23,1
37,224,2633.81,0
69,255,2371.01,0
138,34,168.4,1
73,66,1614.87,0
69,8,110.7,0
261,8,97.63,0
66,201,1061.13,0
34,28,287.3,0
118,28,495.77,1
99,69,400.1,1
211,13,105.85,0
26,162,2045.38,0
19,90,16875.65,0
119,3,227.64999999999998,0
13,8,1541.4,0
31,13,953.0300000000001,0
21,120,8912.78,0
63,3,508.8,1
206,62,457.91,1
119,4,203.86999999999998,1
48,18,4801.8,0
14,38,653.38,1
26,213,2129.96,1
1,47,1732.45,0
23,138,21004.3,0
50,41,393.31,0
233,113,2200.42,1
63,2,32.65,1
84,13,771.85,1
115,15,302.4,0
161,16,285.58,0
96,35,709.82,0
84,5,598.0,0
9,189,5294.49,0
223,12,167.39000000000001,0
43,131,2660.0,0
71,21,391.51,0
42,85,1296.18,0
117,11,449.42,0
75,169,3279.23,0
10,252,10661.09,0
28,39,524.9200000000001,1
265,5,112.6,0
213,43,403.3,1
126,4,122.4,0
153,17,388.45000000000005,1
56,5,186.42000000000002,1
21,96,1590.45,0
119,1,534.24,1
47,135,2940.04,1
76,9,120.89999999999999,1
134,169,1322.69,0
8,185,85770.34,0
5,23,346.01,0
92,61,517.53,1
103,8,131.7,1
265,17,249.86,1
26,19,1737.7,1
125,22,462.58000000000004,0
184,14,463.40999999999997,0
76,126,1245.64,0
58,9,289.96000000000004,1
8,53,1050.27,0
27,58,816.47,0
91,181,710.29,1
34,13,274.74,0
161,24,396.87,1
112,16,208.56,0
76,18,305.2,0
33,55,1660.31,0
148,12,374.57,1
258,10,271.05,1
189,40,622.88,1
120,18,288.6,1
106,127,2997.03,1
61,52,1145.8400000000001,1
161,88,605.58,1
180,22,387.31,1
14,626,56175.47,0
21,75,1891.9,0
28,40,208.65,1
106,77,571.37,0
19,114,608.85,0
208,11,153.94,1
33,66,1488.0,0
99,8,159.56,0
38,67,912.25,0
261,6,145.0,1
259,9,422.7,1
190,10,872.8,0
9,25,606.62,0
106,259,1367.86,0
90,14,296.7,1
180,13,164.4,1
77,3,76.5,1
203,61,630.7,0
216,8,268.8,0
169,25,170.75,1
133,5,103.3,1
97,42,267.16,1
259,43,306.84,1
272,13,298.52,0
29,2,1487.6,1
22,63,1249.8899999999999,0
234,49,195.45,0
105,6,157.9,1
55,23,705.83,0
9,41,661.1,0
49,107,2335.05,0
232,29,344.14,1
45,76,561.2,0
138,8,152.20000000000002,0
142,8,185.65,1
6,240,2181.4,0
118,5,143.45999999999998,1
37,17,270.86,0
152,45,215.72,1
9,280,6522.29,0
136,29,175.27,1
27,16,749.45,0
9,214,1133.07,1
0,23,1240.2,1
51,181,1843.07,0
22,157,1863.17,0
44,128,2263.52,0
154,14,315.0,0
36,162,1738.73,0
113,55,2044.3700000000001,1
139,9,116.00999999999999,1
24,111,909.5500000000001,0
117,63,309.36,1
202,119,537.6899999999999,0
23,495,2724.25,0
12,86,1338.87,0
17,247,2991.29,0
30,14,329.6,1
73,3,571.1999999999999,1
148,66,666.78,0
212,77,218.52,1
212,15,901.7800000000001,0
118,25,400.3,0
40,196,1234.78,0
20,71,798.38,0
69,26,503.6,1
37,29,416.5,0
3,33,648.61,0
22,198,1920.66,0
15,24,338.95,0
176,7,108.5,1
19,40,712.29,1
273,8,101.55,1
20,89,1625.63,0
119,51,1008.39,1
92,65,1107.39,0
38,52,868.49,1
55,70,1148.01,0
44,155,2713.57,0
20,4,163.24,0
177,22,117.55,1
16,63,1903.33,0
6,44,927.65,0
111,9,317.6,0
0,82,1653.03,0
41,45,196.0,1
54,48,1016.53,0
112,23,326.19,0
61,98,1751.01,0
22,51,2433.22,0
127,11,205.7,1
57,44,1098.55,0
209,41,1177.84,0
62,171,1209.77,0
268,11,300.66,0
1,491,14074.19,0
9,41,730.84,0
0,205,11684.35,0
163,16,298.11,1
15,89,1899.3500000000001,0
166,55,1512.72,0
20,225,4589.35,0
1,189,3526.68,0
258,19,290.40000000000003,1
27,46,740.94,1
37,16,200.47,1
41,15,283.12,1
31,35,765.34,1
8,94,1915.5900000000001,0
136,19,338.95,1
160,8,154.95,1
113,64,1125.57,0
152,24,417.95,1
8,55,1338.77,0
9,36,490.96,0
68,31,885.19,1
6,61,968.0,0
0,308,8027.5,0
85,5,152.4,1
87,35,267.08,1
69,7,137.45,1
189,13,220.53000000000003,0
220,10,153.0,1
100,1,326.4,1
23,168,3436.76,0
132,6,139.35,1
6,222,4477.4,0
13,37,887.6,0
89,94,2100.88,0
27,10,3276.4000000000005,1
38,11,373.1,0
0,141,2507.12,0
6,136,3055.77,0
28,49,963.74,0
272,18,303.97,1
161,12,216.95000000000002,0
36,33,540.21,0
8,547,10219.99,0
13,23,307.49,0
48,77,1571.49,0
96,18,1070.77,0
13,15,355.11,1
150,62,1288.96,0
140,6,110.25,1
12,1,71.4,1
78,35,674.52,1
13,127,1079.72,0
259,1,80.64,1
42,41,575.06,0
14,426,3320.4500000000003,0
52,200,1436.2,0
69,18,167.15,0
273,9,172.54,0
163,1,15.0,1
111,19,261.97,0
58,57,371.88,1
66,23,411.33000000000004,0
38,179,1828.73,0
98,38,1143.27,1
223,22,115.8,0
45,126,989.87,0
154,3,56.4,1
0,67,194.70000000000002,0
43,34,323.09,0
59,12,188.02,1
147,30,112.41,0
217,28,114.85,0
52,134,1865.19,1
29,3,16.7,0
181,14,225.9,1
20,125,1363.51,0
79,46,350.39,1
213,78,622.0,0
82,44,272.41,0
63,283,2144.26,0
17,67,765.3,0
80,75,632.42,0
29,35,2856.71,0
12,455,4681.26,0
268,33,217.54999999999998,0
169,11,21.31,0
177,13,269.7,0
82,46,3468.47,0
142,156,1583.81,0
9,55,1076.66,0
198,30,889.24,1
161,16,287.65000000000003,0
48,33,376.51,0
192,77,1687.7,0
3,4222,22365.04,0
203,37,205.48,1
6,5,51.559999999999995,1
28,50,821.6,0
118,26,605.8000000000001,1
272,297,5391.21,1
85,15,311.26,1
272,17,208.97,1
133,9,1142.63,0
9,26,13692.92,0
16,109,3656.25,0
204,25,148.21,1
268,58,252.8,1
36,137,1301.57,0
223,11,330.9,1
45,88,1785.28,0
175,32,208.41,0
7,260,7017.34,0
42,9,329.65000000000003,1
43,8,957.48,0
7,40,428.18,1
23,65,603.22,0
104,10,155.9,1
84,37,1587.1200000000001,0
85,46,683.46,1
70,12,237.61,1
73,6,178.52,1
264,26,458.92,1
204,8,133.35,1
146,19,119.35,0
211,93,602.84,0
110,47,396.26,0
29,10,111.35,1
61,37,307.05,0
112,21,203.87,1
222,94,602.09,1
62,34,203.85999999999999,1
55,26,142.1,0
125,16,112.25,1
185,144,867.85,0
72,114,566.6,1
107,20,99.84,0
59,32,155.8,1
90,6,112.19999999999999,1
56,33,618.99,0
147,12,72.9,1
273,58,243.28,1
210,38,311.01,1
255,31,218.05,0
156,65,230.46,0
5,332,2406.82,0
48,104,601.76,0
182,1,207.50000000000003,1
201,3,502.2,0
272,1,244.08,1
33,21,397.29,1
146,17,78.25999999999999,0
12,4,707.0,0
62,20,694.14,0
34,65,408.36,1
73,64,934.51,0
38,29,145.79,1
14,33,3614.52,0
59,12,99.14,1
8,18,3914.44,0
30,2,304.56,1
133,20,149.57999999999998,1
47,1,358.56000000000006,1
0,50,45325.6,0
265,39,263.17,0
258,9,409.50000000000006,0
23,390,1890.21,0
98,19,557.3,1
149,1,12.75,1
16,7,508.46000000000004,1
71,26,73.78,1
23,221,1179.62,0
42,35,102.83,1
272,35,261.76,0
34,231,1893.98,0
51,61,594.43,0
271,48,123.07,1
273,85,277.35,1
66,14,228.2,1
111,31,582.59,1
141,31,136.04,1
119,21,172.77,0
14,253,3956.0,0
272,65,353.19,1
265,12,300.91999999999996,1
68,97,504.54,0
65,30,811.45,1
45,48,152.68,1
85,13,198.57,1
17,26,146.0,0
136,29,630.84,1
125,5,93.35,1
21,81,678.49,1
181,2,76.1,1
33,76,1276.72,0
266,38,190.34,0
262,40,169.47,1
103,27,2065.41,0
135,32,257.34,1
156,14,174.8,1
273,28,102.78999999999999,1
55,31,187.29,1
86,58,488.76,0
69,2,344.0,0
8,29,122.14,1
52,21,389.78,1
234,5,73.5,1
5,60,254.54,0
54,19,70.02,1
145,12,239.00000000000003,0
3,358,3084.13,0
106,99,451.81,0
66,77,1105.53,0
103,7,172.29000000000002,1
259,5,74.4,1
28,167,3672.86,0
188,19,363.65,1
7,41,1793.51,0
73,27,720.52,1
33,7,814.0,1
83,83,1412.15,0
189,1,101.7,1
80,241,993.87,0
157,25,453.0,1
85,18,247.44,1
14,73,3877.5200000000004,1
273,13,489.6,1
6,107,1957.75,0
3,154,1670.94,0
117,29,336.13,1
26,69,2206.18,0
142,1,841.4999999999999,0
12,10,208.05,0
230,29,689.95,1
174,7,101.34,1
190,1,3202.92,0
19,52,5851.48,0
20,34,2016.88,0
36,56,2402.3,0
212,21,580.05,1
26,84,2011.4,0
27,19,168.31,1
43,13,110.23,0
26,158,130537.23,0
229,39,430.7,1
154,17,271.0,1
10,282,4457.2699999999995,0
66,12,196.64,0
268,1,76.32000000000001,1
190,28,220.1,1
134,342,1254.47,0
47,877,4080.26,0
267,30,181.12,1
114,17,111.15,1
49,32,673.1,1
50,23,119.19,0
101,172,945.14,0
33,8,139.6,0
143,14,112.55000000000001,1
112,1,931.5,1
90,10,109.82000000000001,0
111,32,600.85,0
195,8,152.65,1
57,15,1019.52,1
16,61,1000.16,1
9,33,2165.55,0
104,67,1023.78,0
40,10,160.35,1
8,4,98.88,0
115,14,549.68,0
40,26,413.28,0
34,38,653.35,1
70,19,266.56,0
269,55,206.23000000000002,0
201,23,530.15,1
100,19,318.55,0
40,36,771.26,0
77,10,302.46,1
5,13,498.48,0
76,131,1169.94,1
12,30,655.51,0
62,37,684.4200000000001,0
27,132,5329.32,0
99,25,1728.8400000000001,0
258,30,476.35,1
57,60,1037.82,0
28,97,1590.81,1
152,54,1103.16,0
36,42,601.85,0
127,37,632.07,1
149,17,304.25,1
190,16,426.6,0
167,40,633.1,0
92,15,284.46000000000004,1
161,7,207.8,1
65,16,243.76,1
190,78,450.78,0
0,117,4427.39,0
6,32,163.8,1
99,68,1396.99,1
57,19,160.42000000000002,1
9,138,1367.32,0
167,5,142.4,0
36,15,268.7,0
226,43,248.42,1
136,15,232.48000000000002,1
111,21,662.08,1
49,80,1367.13,0
126,2,305.28,1
15,42,706.86,0
43,166,3604.61,0
163,10,158.95000000000002,1
13,154,2730.78,0
20,188,4251.03,0
117,5,93.75,1
10,103,4864.0599999999995,0
73,57,1643.28,0
92,124,2083.27,1
57,32,500.62,0
225,1,440.0,1
20,53,749.8,0
29,36,641.19,0
19,33,566.59,0
118,88,1561.6100000000001,1
6,67,1205.78,0
96,26,694.08,0
49,120,1672.81,0
133,2,232.9,0
22,47,804.02,1
210,21,349.27,1
71,3,69.89999999999999,0
14,80,1562.8700000000001,0
266,7,376.3,0
72,134,2643.2000000000003,1
40,13,149.48,1
55,45,811.4,0
58,29,488.55,0
34,1,25.5,1
266,7,168.60000000000002,1
166,5,111.95,0
13,114,2106.45,0
157,1,51.0,0
177,10,180.60000000000002,1
80,7,80.82,1
26,7,100.21000000000001,0
48,400,985.77,0
101,29,765.28,0
